</FONT></B></U><FONT SIZE=1 FACE="Times New Roman">Koji Torii (NAIST, Japan) torii@is.aist-nara.ac.jp</FONT>
</FONT></B></U><FONT SIZE=1 FACE="Times New Roman">Takuya Katayama (JAIST, Japan) katayama@jaist.ac.jp <BR>
David Notkin(U.of Washington) notkin@cs.washington.edu</FONT>
</FONT></B><FONT SIZE=1 FACE="Times New Roman">Kokichi Futatsugi (JAIST, Japan) kokichi@jaist.ac.jp <BR>
Richard Kemmerer (UCSB, USA) kemm@cs.ucsb.edu </FONT>
azuma@azuma.mgmt.waseda.ac.jp<BR>
Dfairley@aol.com<BR>
fukazawa@cfi.waseda.ac.jp<BR>
roffen@mpce.mq.edu.au, Australia </FONT>
</FONT></B><FONT SIZE=1 FACE="Times New Roman">Simon Kaplan (U. of Queensland, Australia) s.kaplan@dstc.edu.au <BR>
Tetsuo Tamai (Tokyo U., Japan) tamai@graco.c.u-tokyo.ac.jp</FONT>
</FONT></B><FONT SIZE=1 FACE="Times New Roman">Gail Murphy (U. of British Colombia, Canada) murphy@cs.ubc.ca <BR>
Bashar Nuseibeh (Imperial College, UK) ban@doc.ic.ac.uk<BR>
Motoshi Saeki (TITEC, Japan) saeki@cs.titech.ac.jp</FONT>
</FONT></B><FONT SIZE=1 FACE="Times New Roman">Mikio Aoyama (NIIT, Japan) mikio@sdb.csd.ts.fujitsu.co.jp <BR>
Frances.Paulish@zfe.siemens.de <BR>
Dewayne Perry (Bell Lab, USA) dep@research.bell-labs.com</FONT>
</FONT></B><FONT SIZE=1 FACE="Times New Roman">Shinichi Honiden (Toshiba, Japan) honiden@ssel.toshiba.co.jp <BR>
bernd.kraemer@fernui-hagen.de <BR>
tonyw@methods-tools.com</FONT>
</FONT></B></U><FONT SIZE=1 FACE="Times New Roman">Dines Bjorner (UNU/IIST, Macao) db@iist.unu.edu<BR>
Koichi Kishida (SRA, Japan) k2@sra.co.jp</FONT>
</FONT></B><FONT SIZE=1 FACE="Times New Roman">Norihisa Doi (Keio U., Japan) doi@keio.ac.jp </FONT>
</FONT></B><FONT SIZE=1 FACE="Times New Roman">Katsuro Inoue (Osaka U., Japan) inoue@ics.es.osaka-u.ac.jp <BR>
stan@iscs.nus.sg <BR>
Andrew Vickers (U. York, UK) andyv@minster.york.ac.uk<BR>
Marvin Zelkowitz(U. Maryland, USA) mvz@cs.umd.edu</FONT>
</FONT></B><FONT SIZE=1 FACE="Times New Roman">Nobuo Araki (NTT, Japan) araki@si.ksi.cae.ntt.jp</FONT>
</FONT></B><FONT SIZE=1 FACE="Times New Roman">Tsuneo Ajisaka (Kyoto U., Japan) ajisaka@kuis.kyoto-u.ac.jp</FONT>
</FONT></B><FONT SIZE=1 FACE="Times New Roman">Kiyoshi Agusa (Nagoya U., Japan) agusa@nuie.nagoya-u.ac.jp</FONT>
</FONT></B><FONT SIZE=1 FACE="Times New Roman">Ryohei Nakatsu (ATR, Japan) nakatsu@mic.atr.co.jp</FONT>
</FONT></B><FONT SIZE=1 FACE="Times New Roman">Seishiro Tsuruho (NTT Data, Japan) tsuruho@plan.rd.nttdata.co.jp </FONT>
</FONT></B><FONT SIZE=1 FACE="Times New Roman">Masaki Koyama (NAIST, Japan) koyama@itc.aist-nara.ac.jp </FONT>
</TD><TD WIDTH=260><CENTER><FONT SIZE=1 FACE="Times New Roman">Contact icseexpo@po.iijnet.or.jp</FONT></CENTER>
also be transmitted by email to icse-98-papers@cs.ucsb.edu by
E-mail: icse-98-papers@cs.ucsb.edu</FONT>
E-mail: icse-98-panels@ldl.jaist.ac.jp</FONT>
E-mail: icse-98-panels@cs.ucsb.edu<BR>
E-MAIL: azuma@azuma.mgmt.waseda.ac.jp<BR>
E-MAIL : fukazawa@fuka.info.waseda.ac.jp<BR>
E-MAIL: tamai@graco.c.u-tokyo.ac.jp<BR>
E-MAIL: saeki@cs.titech.ac.jp<BR>
E-MAIL: ban@doc.ic.ac.uk<BR>
E-MAIL: murphy@cs.ubc.ca</FONT>
E-MAIL: mikio@csd.ts.fujitsu.co.jp</FONT>
E-MAIL: icseexpo@po.iijnet.or.jp</FONT>
E-MAIL: k2@sra.co.jp<BR>
<A HREF="file:///E:/my documents/icse98/mailto:icse98-info@itc.aist-nara.ac.jp">mail:icse98-info@itc.aist-nara.ac.jp<FONT SIZE=1> </FONT></A>
